norm_grads_q,avg_norm_adj,loss,explained_variance,time,avg_norm_k,avg_norm_k_dot_g,loss_q,loss_policy,norm_grads,entropy,loss_f,loss_bc,norm_grads_policy,mean_episode_reward,total_timesteps,avg_norm_grads_f,fph,mean_episode_length,avg_norm_g,fps
0.020893320441246033,0.00038399745244532824,-0.03765587508678436,0.6359518766403198,06-12 00:54,2.230957508087158,0.24114641547203064,0.002192255575209856,-0.022810939699411392,0.02256156876683235,1.5941065549850464,-0.022810939699411392,-0.0,0.006516753695905209,1.25,2592000,0.2435372918844223,70.08M,500.0,0.24387957155704498,19465
