avg_norm_g,loss_q,norm_grads,time,fps,loss_bc,mean_episode_reward,loss,norm_grads_policy,fph,avg_norm_adj,norm_grads_q,loss_policy,entropy,avg_norm_k,total_timesteps,loss_f,avg_norm_grads_f,explained_variance,avg_norm_k_dot_g,mean_episode_length
4.566809177398682,3.3789353370666504,2.2856650352478027,08-06 01:06,11925330,-0.0,0,1.8340280055999756,1.0441652536392212,42931.16M,0.2787526249885559,1.8976455926895142,0.1477668285369873,0.3206479847431183,2.489405393600464,29472000,0.1477668285369873,4.387280464172363,0.22166693210601807,5.1022629737854,0
4.53241491317749,1.7167885303497314,3.154372215270996,08-06 01:10,145945,-0.00024431143538095057,16.75,0.7228469848632812,1.3419382572174072,525.40M,0.5829030275344849,2.8000917434692383,-0.13192977011203766,0.3617537319660187,2.396946430206299,29568000,-0.13168546557426453,4.254887580871582,0.7243943810462952,3.9686036109924316,279.7
4.480518817901611,0.8680919408798218,2.091524839401245,08-06 01:17,47964,-0.0007992091123014688,17.25,0.26927825808525085,0.8784716129302979,172.67M,0.49209752678871155,1.8775732517242432,-0.16199521720409393,0.27724820375442505,2.8284943103790283,29664000,-0.1611960083246231,4.223582744598389,0.6882116794586182,3.9881250858306885,269.525
